"","bandno","date","bodreg","site","sex","urb.score","urbanization","mass","tarsus","wing","pvol","pvol.tars","nestid","B2","H1","FWHM","S1U","bodycond","julian","year"
"1","187321182",2022-04-29,"ba","Sam Smith","Male",-2.0141,"rural",199,34.19,"120",11.8613333333333,0.346924051867018,"100",4.55034553709946,619,145.666666666667,0.234620437657355,-0.576331678659339,118,2022
"2","187321182",2022-04-29,"be","Sam Smith","Male",-2.0141,"rural",199,34.19,"120",11.8613333333333,0.346924051867018,"100",6.16207609469759,565.666666666667,173.333333333333,0.272833820223023,-0.576331678658741,118,2022
"3","187321182",2022-04-29,"rc","Sam Smith","Male",-2.0141,"rural",199,34.19,"120",11.8613333333333,0.346924051867018,"100",3.03296706142208,630.333333333333,324.333333333333,0.211707772741671,-0.57633167865874,118,2022
"4","187321182",2022-04-29,"rr","Sam Smith","Male",-2.0141,"rural",199,34.19,"120",11.8613333333333,0.346924051867018,"100",4.53179787774482,641.5,197,0.192883240978765,-0.57633167865874,118,2022
"5","187321182",2022-04-29,"th","Sam Smith","Male",-2.0141,"rural",199,34.19,"120",11.8613333333333,0.346924051867018,"100",11.7968981531715,618.857142857143,128.428571428571,0.257977355811836,-0.57633167865874,118,2022
"6","187321173",2022-04-27,"ba","Sam Smith","Female",-2.0141,"rural",201,34.26,"118",13.0887033333333,0.382040377505351,"102",3.67013974743351,592.666666666667,185.833333333333,0.181721350700789,-0.517542085385009,116,2022
"7","187321173",2022-04-27,"be","Sam Smith","Female",-2.0141,"rural",201,34.26,"118",13.0887033333333,0.382040377505351,"102",6.33463976519942,624,317.5,0.176295186066942,-0.517542085385009,116,2022
"8","187321173",2022-04-27,"rc","Sam Smith","Female",-2.0141,"rural",201,34.26,"118",13.0887033333333,0.382040377505351,"102",4.12346007680685,636.666666666667,189.333333333333,0.0945562228986572,-0.517542085385009,116,2022
"9","187321173",2022-04-27,"th","Sam Smith","Female",-2.0141,"rural",201,34.26,"118",13.0887033333333,0.382040377505351,"102",3.44761333044191,633.714285714286,274.428571428571,0.19796974764754,-0.517542085385009,116,2022
"10","187321215",2022-05-04,"ba","Sam Smith","Female",-2.0141,"rural",179,34.65,"127",7.93154833333333,0.228904713804714,"104",5.68043624776168,583.333333333333,145.333333333333,0.249372094869218,-0.00422761139604362,123,2022
"11","187321215",2022-05-04,"be","Sam Smith","Female",-2.0141,"rural",179,34.65,"127",7.93154833333333,0.228904713804714,"104",3.82676964361666,633.833333333333,250.833333333333,0.150425093608384,-0.00422761139604362,123,2022
"12","187321215",2022-05-04,"lc","Sam Smith","Female",-2.0141,"rural",179,34.65,"127",7.93154833333333,0.228904713804714,"104",11.4064314834487,640,167,0.220344591602807,-0.00422761139604362,123,2022
"13","187321215",2022-05-04,"th","Sam Smith","Female",-2.0141,"rural",179,34.65,"127",7.93154833333333,0.228904713804714,"104",3.76705095936241,642.428571428571,187.428571428571,0.238597164292865,-0.00422761139604362,123,2022
"14","187321176",2022-04-28,"ba","Sam Smith","Male",-2.0141,"rural",211,35.63,"124",6.77196666666667,0.19006361680232,"107",6.26892216021581,569,145.5,0.252535077854292,0.796405880983647,117,2022
"15","187321176",2022-04-28,"be","Sam Smith","Male",-2.0141,"rural",211,35.63,"124",6.77196666666667,0.19006361680232,"107",0.821561135245433,491.5,340,0.21517636974265,0.796405880983647,117,2022
"16","187321176",2022-04-28,"lc","Sam Smith","Male",-2.0141,"rural",211,35.63,"124",6.77196666666667,0.19006361680232,"107",6.81927892042366,630,167,0.226725185154066,0.796405880983647,117,2022
"17","187321176",2022-04-28,"rc","Sam Smith","Male",-2.0141,"rural",211,35.63,"124",6.77196666666667,0.19006361680232,"107",5.46343129427544,639,155,0.186312080410743,0.796405880983647,117,2022
"18","187321176",2022-04-28,"rr","Sam Smith","Male",-2.0141,"rural",211,35.63,"124",6.77196666666667,0.19006361680232,"107",4.81065060962301,633.25,218.5,0.154825319203814,0.796405880983647,117,2022
"19","187321176",2022-04-28,"th","Sam Smith","Male",-2.0141,"rural",211,35.63,"124",6.77196666666667,0.19006361680232,"107",5.88109607968274,588.8,145.2,0.247901665617164,0.796405880983647,117,2022
"20","187321177",2022-04-28,"ba","Sam Smith","Female",-2.0141,"rural",200,33.69,"123",12.4345262222222,0.369086560469642,"107",9.31146554522838,610,159.6,0.245909968686734,-1.08193688202187,117,2022
"21","187321177",2022-04-28,"be","Sam Smith","Female",-2.0141,"rural",200,33.69,"123",12.4345262222222,0.369086560469642,"107",1.98691082153661,609,300.5,0.12496485393805,-1.08193688202187,117,2022
"22","187321177",2022-04-28,"lc","Sam Smith","Female",-2.0141,"rural",200,33.69,"123",12.4345262222222,0.369086560469642,"107",5.08742099504185,628,191,0.109591425620578,-1.08193688202187,117,2022
"23","187321177",2022-04-28,"rc","Sam Smith","Female",-2.0141,"rural",200,33.69,"123",12.4345262222222,0.369086560469642,"107",8.34570525564468,641,157.666666666667,0.19356578541765,-1.08193688202187,117,2022
"24","187321177",2022-04-28,"rr","Sam Smith","Female",-2.0141,"rural",200,33.69,"123",12.4345262222222,0.369086560469642,"107",4.09801870996499,634,190.4,0.141214058933453,-1.08193688202187,117,2022
"25","187321177",2022-04-28,"th","Sam Smith","Female",-2.0141,"rural",200,33.69,"123",12.4345262222222,0.369086560469642,"107",7.41515951974795,641,113.2,0.266200368421337,-1.08193688202187,117,2022
"26","187321175",2022-04-28,"ba","Sam Smith","Female",-2.0141,"rural",188,35.41,"118",14.1475413333333,0.399535197213593,"108",4.35018953788023,647.666666666667,164.333333333333,0.164811529648838,0.705325558335741,117,2022
"27","187321175",2022-04-28,"be","Sam Smith","Female",-2.0141,"rural",188,35.41,"118",14.1475413333333,0.399535197213593,"108",4.97827079641459,641.75,196.125,0.168964750184836,0.705325558335741,117,2022
"28","187321175",2022-04-28,"lc","Sam Smith","Female",-2.0141,"rural",188,35.41,"118",14.1475413333333,0.399535197213593,"108",8.71871137996848,621,169.666666666667,0.228762242440189,0.705325558335741,117,2022
"29","187321175",2022-04-28,"rc","Sam Smith","Female",-2.0141,"rural",188,35.41,"118",14.1475413333333,0.399535197213593,"108",5.68491041176065,627,159.75,0.20819833694843,0.705325558335741,117,2022
"30","187321175",2022-04-28,"rr","Sam Smith","Female",-2.0141,"rural",188,35.41,"118",14.1475413333333,0.399535197213593,"108",9.30573675270715,638,189,0.16188545413006,0.705325558335741,117,2022
"31","187321175",2022-04-28,"th","Sam Smith","Female",-2.0141,"rural",188,35.41,"118",14.1475413333333,0.399535197213593,"108",4.32570144455217,597.333333333333,177,0.204112525361614,0.705325558335741,117,2022
"32","187321180",2022-04-28,"ba","Sam Smith","Male",-2.0141,"rural",179,34.86,"125",7.0015,0.200846242111302,"109",5.34847958486261,590.833333333333,161.833333333333,0.21158391083344,0.205772388603957,117,2022
"33","187321180",2022-04-28,"be","Sam Smith","Male",-2.0141,"rural",179,34.86,"125",7.0015,0.200846242111302,"109",4.43809775409408,642,245.5,0.227081065946426,0.205772388603957,117,2022
"34","187321180",2022-04-28,"lc","Sam Smith","Male",-2.0141,"rural",179,34.86,"125",7.0015,0.200846242111302,"109",5.72089689908844,631,170,0.202067810420148,0.205772388603957,117,2022
"35","187321180",2022-04-28,"rc","Sam Smith","Male",-2.0141,"rural",179,34.86,"125",7.0015,0.200846242111302,"109",4.88729549406527,644.25,193.5,0.203614928041628,0.205772388603957,117,2022
"36","187321180",2022-04-28,"rr","Sam Smith","Male",-2.0141,"rural",179,34.86,"125",7.0015,0.200846242111302,"109",4.69166015728881,631,270,0.115511540449347,0.205772388603957,117,2022
"37","187321180",2022-04-28,"th","Sam Smith","Male",-2.0141,"rural",179,34.86,"125",7.0015,0.200846242111302,"109",7.46508992082949,629,111.428571428571,0.246458454536832,0.205772388603957,117,2022
"38","187321181",2022-04-28,"ba","Sam Smith","Female",-2.0141,"rural",183,32.81,"120",11.960192,0.364528863151478,"109",7.79044081472023,565.25,156.5,0.262706152930962,-1.86664842484858,117,2022
"39","187321181",2022-04-28,"be","Sam Smith","Female",-2.0141,"rural",183,32.81,"120",11.960192,0.364528863151478,"109",7.40234379407988,630.666666666667,337.166666666667,0.200886569713733,-1.86664842484858,117,2022
"40","187321181",2022-04-28,"rc","Sam Smith","Female",-2.0141,"rural",183,32.81,"120",11.960192,0.364528863151478,"109",5.89663591680161,635,163.666666666667,0.206384476033098,-1.86664842484858,117,2022
"41","187321181",2022-04-28,"rr","Sam Smith","Female",-2.0141,"rural",183,32.81,"120",11.960192,0.364528863151478,"109",4.54365113167226,623,285.333333333333,0.145367213649477,-1.86664842484858,117,2022
"42","187321181",2022-04-28,"th","Sam Smith","Female",-2.0141,"rural",183,32.81,"120",11.960192,0.364528863151478,"109",7.20463532234516,618.2,143,0.266385558896109,-1.86664842484858,117,2022
"43","187321183",2022-04-29,"ba","Sam Smith","Male",-2.0141,"rural",128,32.22,"120",5.93352,0.184156424581006,"110",5.01707992580831,587.571428571429,181.428571428571,0.225383841050675,-2.14836223987617,118,2022
"44","187321183",2022-04-29,"be","Sam Smith","Male",-2.0141,"rural",128,32.22,"120",5.93352,0.184156424581006,"110",6.42350188159302,542.666666666667,212.333333333333,0.241191225997608,-2.14836223987617,118,2022
"45","187321183",2022-04-29,"lc","Sam Smith","Male",-2.0141,"rural",128,32.22,"120",5.93352,0.184156424581006,"110",5.23253514907941,645,193.25,0.203231298580702,-2.14836223987617,118,2022
"46","187321183",2022-04-29,"rc","Sam Smith","Male",-2.0141,"rural",128,32.22,"120",5.93352,0.184156424581006,"110",4.61764983033522,642.8,232.2,0.202200104241512,-2.14836223987617,118,2022
"47","187321183",2022-04-29,"rr","Sam Smith","Male",-2.0141,"rural",128,32.22,"120",5.93352,0.184156424581006,"110",4.40017988655404,641,169,0.189033366797313,-2.14836223987617,118,2022
"48","187321184",2022-04-29,"ba","Sam Smith","Female",-2.0141,"rural",157,34.44,"122",10.6705533333333,0.309830236159504,"110",2.90240863446317,567,182,0.0954972314434262,-0.0909131374070793,118,2022
"49","187321184",2022-04-29,"lc","Sam Smith","Female",-2.0141,"rural",157,34.44,"122",10.6705533333333,0.309830236159504,"110",6.2393929171236,626.666666666667,193.333333333333,0.162528407815455,-0.0909131374070793,118,2022
"50","187321184",2022-04-29,"rc","Sam Smith","Female",-2.0141,"rural",157,34.44,"122",10.6705533333333,0.309830236159504,"110",6.51091661092065,632,241,0.23033536212498,-0.0909131374070793,118,2022
"51","187321184",2022-04-29,"rr","Sam Smith","Female",-2.0141,"rural",157,34.44,"122",10.6705533333333,0.309830236159504,"110",6.53760964897696,651.6,165.2,0.226408260023385,-0.0909131374070793,118,2022
"52","187321184",2022-04-29,"th","Sam Smith","Female",-2.0141,"rural",157,34.44,"122",10.6705533333333,0.309830236159504,"110",5.41414345474773,616.714285714286,172.285714285714,0.25041959845753,-0.0909131374070793,118,2022
"53","187321217",2022-05-10,"ba","Sam Smith","Female",-2.0141,"rural",183,34.71,"121",5.79787,0.167037453183521,"115",5.72461681439685,599.666666666667,141.333333333333,0.253487526603304,0.0333515751514195,129,2022
"54","187321217",2022-05-10,"be","Sam Smith","Female",-2.0141,"rural",183,34.71,"121",5.79787,0.167037453183521,"115",5.81449217336689,628,269.75,0.154141376112584,0.0333515751514195,129,2022
"55","187321217",2022-05-10,"lc","Sam Smith","Female",-2.0141,"rural",183,34.71,"121",5.79787,0.167037453183521,"115",5.21302433195476,645.285714285714,159.142857142857,0.216668871530915,0.0333515751514195,129,2022
"56","187321217",2022-05-10,"rc","Sam Smith","Female",-2.0141,"rural",183,34.71,"121",5.79787,0.167037453183521,"115",3.608914494304,637.666666666667,356,0.219930719736347,0.0333515751514195,129,2022
"57","187321217",2022-05-10,"rr","Sam Smith","Female",-2.0141,"rural",183,34.71,"121",5.79787,0.167037453183521,"115",3.62139082876992,629.5,188,0.110478017151447,0.0333515751514195,129,2022
"58","187321217",2022-05-10,"th","Sam Smith","Female",-2.0141,"rural",183,34.71,"121",5.79787,0.167037453183521,"115",3.31091255161047,575,90.1666666666667,0.283638420233571,0.0333515751514195,129,2022
"59","187321222",2022-05-17,"ba","Sam Smith","Male",-2.0141,"rural",200,33.37,"122",5.879144,0.176180521426431,"117",2.52942317224792,612,262.5,0.204312098788784,-1.40193688202188,136,2022
"60","187321222",2022-05-17,"be","Sam Smith","Male",-2.0141,"rural",200,33.37,"122",5.879144,0.176180521426431,"117",4.63111268627913,604,186.333333333333,0.207230061292348,-1.40193688202188,136,2022
"61","187321222",2022-05-17,"rc","Sam Smith","Male",-2.0141,"rural",200,33.37,"122",5.879144,0.176180521426431,"117",5.98986169997179,654.666666666667,139.666666666667,0.21740553117937,-1.40193688202188,136,2022
"62","187321221",2022-05-16,"ba","Sam Smith","Female",-2.0141,"rural",183,34.27,"120",14.05935,0.41025240735337,"117",4.66892714992502,618.5,157,0.154325642729238,-0.406648424848578,135,2022
"63","187321221",2022-05-16,"be","Sam Smith","Female",-2.0141,"rural",183,34.27,"120",14.05935,0.41025240735337,"117",4.12062770390637,617.285714285714,259.142857142857,0.176405225944559,-0.406648424848578,135,2022
"64","187321221",2022-05-16,"rc","Sam Smith","Female",-2.0141,"rural",183,34.27,"120",14.05935,0.41025240735337,"117",10.0734896859857,666,73,0.23827461161869,-0.406648424848578,135,2022
"65","187321221",2022-05-16,"rr","Sam Smith","Female",-2.0141,"rural",183,34.27,"120",14.05935,0.41025240735337,"117",4.40595809245812,645.5,181,0.0735185322071256,-0.406648424848578,135,2022
"66","187321221",2022-05-16,"th","Sam Smith","Female",-2.0141,"rural",183,34.27,"120",14.05935,0.41025240735337,"117",3.09425639653692,631.666666666667,259.666666666667,0.098717811501346,-0.406648424848578,135,2022
"67","187321226",2022-06-17,"ba","Big Shanty","Female",2.17321,"urban",188,35.29,"120",7.18833925925926,0.203693376572946,"120",3.62237035157595,629.25,188.25,0.185465563847437,0.585325558335744,167,2022
"68","187321226",2022-06-17,"be","Big Shanty","Female",2.17321,"urban",188,35.29,"120",7.18833925925926,0.203693376572946,"120",4.66499272208358,626.75,288,0.155427369733218,0.585325558335744,167,2022
"69","187321226",2022-06-17,"lc","Big Shanty","Female",2.17321,"urban",188,35.29,"120",7.18833925925926,0.203693376572946,"120",6.8737995421988,641,128,0.217197955630317,0.585325558335744,167,2022
"70","187321226",2022-06-17,"rr","Big Shanty","Female",2.17321,"urban",188,35.29,"120",7.18833925925926,0.203693376572946,"120",6.0126056673391,631,230,0.175272498834976,0.585325558335744,167,2022
"71","187321226",2022-06-17,"th","Big Shanty","Female",2.17321,"urban",188,35.29,"120",7.18833925925926,0.203693376572946,"120",1.86255951955544,593.6,239.2,0.206644631067898,0.585325558335744,167,2022
"72","187321227",2022-06-17,"ba","Big Shanty","Male",2.17321,"urban",186,28.46,"121",6.33592888888889,0.222625751542125,"121",2.53394670110024,612,318.5,0.208925618087315,-6.23346403493798,167,2022
"73","187321227",2022-06-17,"be","Big Shanty","Male",2.17321,"urban",186,28.46,"121",6.33592888888889,0.222625751542125,"121",2.83380143797442,631.75,214.75,0.144621550841908,-6.23346403493798,167,2022
"74","187321227",2022-06-17,"lc","Big Shanty","Male",2.17321,"urban",186,28.46,"121",6.33592888888889,0.222625751542125,"121",5.17937836039572,631.666666666667,222.333333333333,0.179359296620722,-6.23346403493798,167,2022
"75","187321227",2022-06-17,"rc","Big Shanty","Male",2.17321,"urban",186,28.46,"121",6.33592888888889,0.222625751542125,"121",4.54794599929114,639,194.857142857143,0.220331372919939,-6.23346403493798,167,2022
"76","187321227",2022-06-17,"rr","Big Shanty","Male",2.17321,"urban",186,28.46,"121",6.33592888888889,0.222625751542125,"121",5.57971047326719,626,293.666666666667,0.128696203131905,-6.23346403493798,167,2022
"77","187321227",2022-06-17,"th","Big Shanty","Male",2.17321,"urban",186,28.46,"121",6.33592888888889,0.222625751542125,"121",3.46237385223864,633.2,263.4,0.224753428823886,-6.23346403493798,167,2022
"78","187321228",2022-06-17,"ba","Big Shanty","Female",2.17321,"urban",182,34.79,"123",13.4800502222222,0.387469106703714,"122",3.35269291325137,592,239.333333333333,0.197935808581678,0.118956778514553,167,2022
"79","187321228",2022-06-17,"be","Big Shanty","Female",2.17321,"urban",182,34.79,"123",13.4800502222222,0.387469106703714,"122",3.6904378482254,630.375,252.5,0.186056642330418,0.118956778514553,167,2022
"80","187321228",2022-06-17,"lc","Big Shanty","Female",2.17321,"urban",182,34.79,"123",13.4800502222222,0.387469106703714,"122",4.77805181048335,636.666666666667,149.666666666667,0.202246324606745,0.118956778514553,167,2022
"81","187321228",2022-06-17,"rc","Big Shanty","Female",2.17321,"urban",182,34.79,"123",13.4800502222222,0.387469106703714,"122",3.88800861859718,632.833333333333,246.666666666667,0.195334379644527,0.118956778514553,167,2022
"82","187321228",2022-06-17,"rr","Big Shanty","Female",2.17321,"urban",182,34.79,"123",13.4800502222222,0.387469106703714,"122",4.88015296934419,642,215.8,0.22127857628996,0.118956778514553,167,2022
"83","187321228",2022-06-17,"th","Big Shanty","Female",2.17321,"urban",182,34.79,"123",13.4800502222222,0.387469106703714,"122",3.0989930429113,621,188.666666666667,0.205333769018633,0.118956778514553,167,2022
"84","187321229",2022-06-17,"ba","Big Shanty","Female",2.17321,"urban",183,34.91,"122",9.526528,0.272888226869092,"123",9.02608999617634,552,179,0.281976100528477,0.233351575151415,167,2022
"85","187321229",2022-06-17,"be","Big Shanty","Female",2.17321,"urban",183,34.91,"122",9.526528,0.272888226869092,"123",4.47085652594467,618.2,286.6,0.188690899289696,0.233351575151415,167,2022
"86","187321229",2022-06-17,"lc","Big Shanty","Female",2.17321,"urban",183,34.91,"122",9.526528,0.272888226869092,"123",4.94622832744666,650.5,157.25,0.204228392376558,0.233351575151415,167,2022
"87","187321229",2022-06-17,"rc","Big Shanty","Female",2.17321,"urban",183,34.91,"122",9.526528,0.272888226869092,"123",4.5629794557686,636,183.333333333333,0.233892416346045,0.233351575151415,167,2022
"88","187321229",2022-06-17,"rr","Big Shanty","Female",2.17321,"urban",183,34.91,"122",9.526528,0.272888226869092,"123",4.31383749767851,627.333333333333,279.666666666667,0.128827595271491,0.233351575151415,167,2022
"89","187321229",2022-06-17,"th","Big Shanty","Female",2.17321,"urban",183,34.91,"122",9.526528,0.272888226869092,"123",4.56239253459901,644.5,285.5,0.219667924431339,0.233351575151415,167,2022
"90","187321055",2021-04-30,"ba","Cattle Farm","Female",-2.29657,"rural",192,34.27,"123",6.76195,0.197313977239568,"44",4.90222144621178,575.125,242.5,0.224624753742767,-0.457095255116791,119,2021
"91","187321055",2021-04-30,"be","Cattle Farm","Female",-2.29657,"rural",192,34.27,"123",6.76195,0.197313977239568,"44",2.90662599787103,621.714285714286,304.571428571429,0.176129423851118,-0.457095255116791,119,2021
"92","187321055",2021-04-30,"lc","Cattle Farm","Female",-2.29657,"rural",192,34.27,"123",6.76195,0.197313977239568,"44",4.0459818083408,641.2,237,0.216939706400832,-0.457095255116791,119,2021
"93","187321055",2021-04-30,"rc","Cattle Farm","Female",-2.29657,"rural",192,34.27,"123",6.76195,0.197313977239568,"44",5.00317385724727,644.4,142.2,0.226488799114918,-0.457095255116791,119,2021
"94","187321055",2021-04-30,"rr","Cattle Farm","Female",-2.29657,"rural",192,34.27,"123",6.76195,0.197313977239568,"44",3.28939654782744,626.428571428571,267.857142857143,0.161127882398454,-0.457095255116791,119,2021
"95","187321055",2021-04-30,"th","Cattle Farm","Female",-2.29657,"rural",192,34.27,"123",6.76195,0.197313977239568,"44",2.06183752150687,597.833333333333,230.666666666667,0.173599617162578,-0.457095255116791,119,2021
"96","187321098",2021-04-30,"ba","Cattle Farm","Male",-2.29657,"rural",200,35.34,"125",18.0312333333333,0.510221656291266,"44",3.47290583111343,592.222222222222,166.222222222222,0.195180544308373,0.568063117978131,119,2021
"97","187321098",2021-04-30,"be","Cattle Farm","Male",-2.29657,"rural",200,35.34,"125",18.0312333333333,0.510221656291266,"44",3.37305942884886,622.875,297.875,0.181078379758035,0.568063117978131,119,2021
"98","187321098",2021-04-30,"lc","Cattle Farm","Male",-2.29657,"rural",200,35.34,"125",18.0312333333333,0.510221656291266,"44",7.05309680696082,630,293.5,0.200738663374287,0.568063117978131,119,2021
"99","187321098",2021-04-30,"rc","Cattle Farm","Male",-2.29657,"rural",200,35.34,"125",18.0312333333333,0.510221656291266,"44",5.51243585379187,624,191,0.204294142434525,0.568063117978131,119,2021
"100","187321098",2021-04-30,"rr","Cattle Farm","Male",-2.29657,"rural",200,35.34,"125",18.0312333333333,0.510221656291266,"44",2.16245995226791,631.5,197,0.0852848353387118,0.568063117978131,119,2021
"101","187321098",2021-04-30,"th","Cattle Farm","Male",-2.29657,"rural",200,35.34,"125",18.0312333333333,0.510221656291266,"44",4.73609639670363,610.4,163,0.236739063498584,0.568063117978131,119,2021
"102","187321097",2021-04-30,"ba","Cattle Farm","Male",-2.29657,"rural",198,35.47,"128",8.66224666666667,0.244213325815243,"45",5.21385025758919,570,180.2,0.253740992449134,0.709273524704396,119,2021
"103","187321097",2021-04-30,"be","Cattle Farm","Male",-2.29657,"rural",198,35.47,"128",8.66224666666667,0.244213325815243,"45",3.20346661895367,539.5,244,0.241327012195271,0.709273524704396,119,2021
"104","187321097",2021-04-30,"lc","Cattle Farm","Male",-2.29657,"rural",198,35.47,"128",8.66224666666667,0.244213325815243,"45",3.59753594558752,645.25,191.75,0.198935017607896,0.709273524704396,119,2021
"105","187321097",2021-04-30,"rc","Cattle Farm","Male",-2.29657,"rural",198,35.47,"128",8.66224666666667,0.244213325815243,"45",2.99177608740769,643.333333333333,255.666666666667,0.179398618790879,0.709273524704396,119,2021
"106","187321097",2021-04-30,"rr","Cattle Farm","Male",-2.29657,"rural",198,35.47,"128",8.66224666666667,0.244213325815243,"45",4.69834828388634,638.571428571429,204.142857142857,0.172475536712852,0.709273524704396,119,2021
"107","187321097",2021-04-30,"th","Cattle Farm","Male",-2.29657,"rural",198,35.47,"128",8.66224666666667,0.244213325815243,"45",3.2034230013534,630,215.5,0.232674577764642,0.709273524704396,119,2021
"108","187321050",2021-04-30,"ba","Cattle Farm","Female",-2.29657,"rural",200,35.77,"124",9.22724111111111,0.257960332991644,"45",2.68754728339955,627.857142857143,353.142857142857,0.199316086507573,0.998063117978131,119,2021
"109","187321050",2021-04-30,"be","Cattle Farm","Female",-2.29657,"rural",200,35.77,"124",9.22724111111111,0.257960332991644,"45",4.22164068233272,635.125,266.125,0.176549230554986,0.998063117978131,119,2021
"110","187321050",2021-04-30,"lc","Cattle Farm","Female",-2.29657,"rural",200,35.77,"124",9.22724111111111,0.257960332991644,"45",5.29235943152825,631.666666666667,253.666666666667,0.20108258234297,0.998063117978131,119,2021
"111","187321050",2021-04-30,"rc","Cattle Farm","Female",-2.29657,"rural",200,35.77,"124",9.22724111111111,0.257960332991644,"45",2.62205448943613,636.333333333333,184.666666666667,0.108470448003223,0.998063117978131,119,2021
"112","187321050",2021-04-30,"rr","Cattle Farm","Female",-2.29657,"rural",200,35.77,"124",9.22724111111111,0.257960332991644,"45",2.54796130828904,621.333333333333,228.666666666667,0.108752685352044,0.998063117978131,119,2021
"113","187321050",2021-04-30,"th","Cattle Farm","Female",-2.29657,"rural",200,35.77,"124",9.22724111111111,0.257960332991644,"45",3.38707994624969,634.428571428571,258.428571428571,0.175351976807521,0.998063117978131,119,2021
"114","187321058",2021-05-01,"ba","Field Station","Female",2.13746,"urban",159,33.88,"118",9.16057037037037,0.27038283265556,"46",3.83562059086939,583.666666666667,167.777777777778,0.198155291932206,-0.662123544133344,120,2021
"115","187321058",2021-05-01,"be","Field Station","Female",2.13746,"urban",159,33.88,"118",9.16057037037037,0.27038283265556,"46",2.78633676676772,610.833333333333,275,0.199837926899948,-0.662123544133344,120,2021
"116","187321058",2021-05-01,"lc","Field Station","Female",2.13746,"urban",159,33.88,"118",9.16057037037037,0.27038283265556,"46",2.28294498033519,640.4,173.6,0.147168300285702,-0.662123544133344,120,2021
"117","187321058",2021-05-01,"rc","Field Station","Female",2.13746,"urban",159,33.88,"118",9.16057037037037,0.27038283265556,"46",2.75600549509284,642.75,208.5,0.16513819632385,-0.662123544133344,120,2021
"118","187321058",2021-05-01,"rr","Field Station","Female",2.13746,"urban",159,33.88,"118",9.16057037037037,0.27038283265556,"46",3.35857241516557,630.5,235.5,0.134912035678868,-0.662123544133344,120,2021
"119","187321058",2021-05-01,"th","Field Station","Female",2.13746,"urban",159,33.88,"118",9.16057037037037,0.27038283265556,"46",3.68460254695936,577.25,206.5,0.212289593537095,-0.662123544133344,120,2021
"120","187321127",2021-05-01,"ba","Field Station","Male",2.13746,"urban",202,35.32,"127",22.7116518518519,0.643025250618682,"46",4.98730923416438,585.333333333333,198.166666666667,0.23390019036437,0.536852711251858,120,2021
"121","187321127",2021-05-01,"be","Field Station","Male",2.13746,"urban",202,35.32,"127",22.7116518518519,0.643025250618682,"46",4.34042573874128,642.4,296,0.21146848115253,0.536852711251858,120,2021
"122","187321127",2021-05-01,"lc","Field Station","Male",2.13746,"urban",202,35.32,"127",22.7116518518519,0.643025250618682,"46",4.40990458976364,642.75,160.5,0.21684188463958,0.536852711251858,120,2021
"123","187321127",2021-05-01,"rc","Field Station","Male",2.13746,"urban",202,35.32,"127",22.7116518518519,0.643025250618682,"46",8.06166037410587,651,132,0.227801313268548,0.536852711251858,120,2021
"124","187321127",2021-05-01,"rr","Field Station","Male",2.13746,"urban",202,35.32,"127",22.7116518518519,0.643025250618682,"46",8.1738882536851,623,201.25,0.212333838322957,0.536852711251858,120,2021
"125","187321127",2021-05-01,"th","Field Station","Male",2.13746,"urban",202,35.32,"127",22.7116518518519,0.643025250618682,"46",6.41124522497028,570.6,206.8,0.252935439689435,0.536852711251858,120,2021
"126","187321060",2021-05-07,"ba","Cattle Farm","Female",-2.29657,"rural",183,32.6,"120",8.02150140740741,0.246058325380595,"49",5.99987599709807,634.714285714286,302.571428571429,0.195449889781408,-2.07664842484858,126,2021
"127","187321060",2021-05-07,"be","Cattle Farm","Female",-2.29657,"rural",183,32.6,"120",8.02150140740741,0.246058325380595,"49",3.15559932843572,633,259,0.150301036871612,-2.07664842484858,126,2021
"128","187321060",2021-05-07,"lc","Cattle Farm","Female",-2.29657,"rural",183,32.6,"120",8.02150140740741,0.246058325380595,"49",6.36703498156355,530.5,224.5,0.145785325204935,-2.07664842484858,126,2021
"129","187321060",2021-05-07,"rr","Cattle Farm","Female",-2.29657,"rural",183,32.6,"120",8.02150140740741,0.246058325380595,"49",5.98552871702541,641.666666666667,222.666666666667,0.163141836442185,-2.07664842484858,126,2021
"130","187321060",2021-05-07,"th","Cattle Farm","Female",-2.29657,"rural",183,32.6,"120",8.02150140740741,0.246058325380595,"49",1.48967903753457,658.5,124,0.254950578266566,-2.07664842484858,126,2021
"131","187321070",2021-04-28,"ba","Cattle Farm","Male",-2.29657,"rural",212,36.47,"129",10.2125466666667,0.280025957407915,"49",4.20885839096271,609,283.142857142857,0.210304946307685,1.63080067762051,117,2021
"132","187321070",2021-04-28,"be","Cattle Farm","Male",-2.29657,"rural",212,36.47,"129",10.2125466666667,0.280025957407915,"49",4.2533642248851,631.75,287.5,0.182571180133777,1.63080067762051,117,2021
"133","187321070",2021-04-28,"lc","Cattle Farm","Male",-2.29657,"rural",212,36.47,"129",10.2125466666667,0.280025957407915,"49",3.43328361052557,636.666666666667,245,0.192737075850395,1.63080067762051,117,2021
"134","187321070",2021-04-28,"rc","Cattle Farm","Male",-2.29657,"rural",212,36.47,"129",10.2125466666667,0.280025957407915,"49",5.24466280192772,636,273,0.191371978696698,1.63080067762051,117,2021
"135","187321070",2021-04-28,"rr","Cattle Farm","Male",-2.29657,"rural",212,36.47,"129",10.2125466666667,0.280025957407915,"49",3.86903078527484,641.333333333333,252.666666666667,0.160569975907257,1.63080067762051,117,2021
"136","187321070",2021-04-28,"th","Cattle Farm","Male",-2.29657,"rural",212,36.47,"129",10.2125466666667,0.280025957407915,"49",4.31847762929479,641,115.666666666667,0.235850010557611,1.63080067762051,117,2021
"137","187321062",2021-04-29,"ba","Cattle Farm","Female",-2.29657,"rural",192,35.78,"122",7.12104533333333,0.199023066890255,"51",3.74038416613976,579.833333333333,296.666666666667,0.201110074893427,1.05290474488321,118,2021
"138","187321062",2021-04-29,"be","Cattle Farm","Female",-2.29657,"rural",192,35.78,"122",7.12104533333333,0.199023066890255,"51",3.47066292334641,637.5,184.5,0.163271073605205,1.05290474488321,118,2021
"139","187321062",2021-04-29,"lc","Cattle Farm","Female",-2.29657,"rural",192,35.78,"122",7.12104533333333,0.199023066890255,"51",4.1779857599371,642,231.333333333333,0.196059752647852,1.05290474488321,118,2021
"140","187321062",2021-04-29,"rc","Cattle Farm","Female",-2.29657,"rural",192,35.78,"122",7.12104533333333,0.199023066890255,"51",2.4782417767227,645.666666666667,163.166666666667,0.135141637703646,1.05290474488321,118,2021
"141","187321062",2021-04-29,"rr","Cattle Farm","Female",-2.29657,"rural",192,35.78,"122",7.12104533333333,0.199023066890255,"51",3.55605609407385,630.25,209,0.110137843608034,1.05290474488321,118,2021
"142","187321062",2021-04-29,"th","Cattle Farm","Female",-2.29657,"rural",192,35.78,"122",7.12104533333333,0.199023066890255,"51",2.74810856627986,637.4,157.6,0.224917713333957,1.05290474488321,118,2021
"143","187321135",2021-05-07,"ba","Cattle Farm","Male",-2.29657,"rural",206,36.45,"128",12.9720282222222,0.355885547934766,"51",4.6462888037763,614.6,236.2,0.214325478649078,1.64443189779932,126,2021
"144","187321135",2021-05-07,"be","Cattle Farm","Male",-2.29657,"rural",206,36.45,"128",12.9720282222222,0.355885547934766,"51",2.82624677292847,627.166666666667,301.5,0.170241743485325,1.64443189779932,126,2021
"145","187321135",2021-05-07,"lc","Cattle Farm","Male",-2.29657,"rural",206,36.45,"128",12.9720282222222,0.355885547934766,"51",4.49405902759632,641.5,236.5,0.205843831252967,1.64443189779932,126,2021
"146","187321135",2021-05-07,"rc","Cattle Farm","Male",-2.29657,"rural",206,36.45,"128",12.9720282222222,0.355885547934766,"51",4.93854939725512,600.5,266.166666666667,0.217305891129992,1.64443189779932,126,2021
"147","187321135",2021-05-07,"rr","Cattle Farm","Male",-2.29657,"rural",206,36.45,"128",12.9720282222222,0.355885547934766,"51",3.48478638865562,624,248.666666666667,0.0961644078810924,1.64443189779932,126,2021
"148","187321135",2021-05-07,"th","Cattle Farm","Male",-2.29657,"rural",206,36.45,"128",12.9720282222222,0.355885547934766,"51",4.8631408559253,622.2,127,0.238452888581059,1.64443189779932,126,2021
"149","187321063",2021-04-29,"ba","Cattle Farm","Female",-2.29657,"rural",192,33.95,"130",10.07265,0.296690721649485,"52",6.48516449037036,579.333333333333,246.666666666667,0.234448028540398,-0.777095255116791,118,2021
"150","187321063",2021-04-29,"be","Cattle Farm","Female",-2.29657,"rural",192,33.95,"130",10.07265,0.296690721649485,"52",3.42126099339154,615.666666666667,247.222222222222,0.162956055816332,-0.777095255116791,118,2021
"151","187321063",2021-04-29,"lc","Cattle Farm","Female",-2.29657,"rural",192,33.95,"130",10.07265,0.296690721649485,"52",4.87657051908657,641,152.5,0.199466513602683,-0.777095255116791,118,2021
"152","187321063",2021-04-29,"rc","Cattle Farm","Female",-2.29657,"rural",192,33.95,"130",10.07265,0.296690721649485,"52",4.53177266168985,634,191.2,0.210817549680751,-0.777095255116791,118,2021
"153","187321063",2021-04-29,"rr","Cattle Farm","Female",-2.29657,"rural",192,33.95,"130",10.07265,0.296690721649485,"52",2.9975007254544,632,190,0.101660906914691,-0.777095255116791,118,2021
"154","187321063",2021-04-29,"th","Cattle Farm","Female",-2.29657,"rural",192,33.95,"130",10.07265,0.296690721649485,"52",3.05754787465279,635.8,272.4,0.173484682814525,-0.777095255116791,118,2021
"155","187321071",2021-04-28,"ba","Cattle Farm","Male",-2.29657,"rural",188,35.15,"129",8.86000888888889,0.252062841789158,"53",5.5380800893818,585.285714285714,172.714285714286,0.221256262938209,0.445325558335743,117,2021
"156","187321071",2021-04-28,"be","Cattle Farm","Male",-2.29657,"rural",188,35.15,"129",8.86000888888889,0.252062841789158,"53",6.44251715927644,633.714285714286,276.571428571429,0.193588773677967,0.445325558335743,117,2021
"157","187321071",2021-04-28,"lc","Cattle Farm","Male",-2.29657,"rural",188,35.15,"129",8.86000888888889,0.252062841789158,"53",7.01364262390067,632,153,0.217394025864437,0.445325558335743,117,2021
"158","187321071",2021-04-28,"rc","Cattle Farm","Male",-2.29657,"rural",188,35.15,"129",8.86000888888889,0.252062841789158,"53",3.82517372968409,603.666666666667,214.5,0.190694007260278,0.445325558335743,117,2021
"159","187321071",2021-04-28,"rr","Cattle Farm","Male",-2.29657,"rural",188,35.15,"129",8.86000888888889,0.252062841789158,"53",4.81524189729021,629.5,283.5,0.187800619785185,0.445325558335743,117,2021
"160","187321071",2021-04-28,"th","Cattle Farm","Male",-2.29657,"rural",188,35.15,"129",8.86000888888889,0.252062841789158,"53",4.24975784775925,611,136,0.259487917386618,0.445325558335743,117,2021
"161","187321064",2021-05-07,"ba","Cattle Farm","Female",-2.29657,"rural",192,36.02,"121",14.3772074814815,0.399145127192712,"53",5.80955347502381,590.333333333333,175.666666666667,0.227673926249178,1.29290474488321,126,2021
"162","187321064",2021-05-07,"be","Cattle Farm","Female",-2.29657,"rural",192,36.02,"121",14.3772074814815,0.399145127192712,"53",4.15051392420178,630.75,231.125,0.171675505459557,1.29290474488321,126,2021
"163","187321064",2021-05-07,"lc","Cattle Farm","Female",-2.29657,"rural",192,36.02,"121",14.3772074814815,0.399145127192712,"53",7.12245575790999,634,169.8,0.217641285490341,1.29290474488321,126,2021
"164","187321064",2021-05-07,"rc","Cattle Farm","Female",-2.29657,"rural",192,36.02,"121",14.3772074814815,0.399145127192712,"53",6.07034673020637,630.75,220.5,0.230657743886773,1.29290474488321,126,2021
"165","187321064",2021-05-07,"rr","Cattle Farm","Female",-2.29657,"rural",192,36.02,"121",14.3772074814815,0.399145127192712,"53",5.81876087184587,634.666666666667,163.333333333333,0.183396796149935,1.29290474488321,126,2021
"166","187321064",2021-05-07,"th","Cattle Farm","Female",-2.29657,"rural",192,36.02,"121",14.3772074814815,0.399145127192712,"53",2.57982045164309,638.333333333333,145.666666666667,0.20239483905977,1.29290474488321,126,2021
"167","187321068",2021-04-27,"ba","Cattle Farm","Female",-2.29657,"rural",192,34.17,"119",9.99199937037037,0.292420233256376,"54",6.70410477969949,610,234.166666666667,0.212103955956186,-0.557095255116793,116,2021
"168","187321068",2021-04-27,"be","Cattle Farm","Female",-2.29657,"rural",192,34.17,"119",9.99199937037037,0.292420233256376,"54",4.09350525770283,613.75,341.75,0.192344555124246,-0.557095255116793,116,2021
"169","187321068",2021-04-27,"lc","Cattle Farm","Female",-2.29657,"rural",192,34.17,"119",9.99199937037037,0.292420233256376,"54",3.61497605816287,644,197.4,0.194127454759418,-0.557095255116793,116,2021
"170","187321068",2021-04-27,"rc","Cattle Farm","Female",-2.29657,"rural",192,34.17,"119",9.99199937037037,0.292420233256376,"54",4.24055235976858,502.4,133.8,0.185369673721728,-0.557095255116793,116,2021
"171","187321068",2021-04-27,"rr","Cattle Farm","Female",-2.29657,"rural",192,34.17,"119",9.99199937037037,0.292420233256376,"54",4.27597737330195,632.5,222.5,0.123442675826622,-0.557095255116793,116,2021
"172","187321068",2021-04-27,"th","Cattle Farm","Female",-2.29657,"rural",192,34.17,"119",9.99199937037037,0.292420233256376,"54",4.78468421015085,630.5,156.833333333333,0.224158486297982,-0.557095255116793,116,2021
"173","187321069",2021-04-27,"ba","Cattle Farm","Female",-2.29657,"rural",198,34.8,"119",5.33622222222222,0.153339719029374,"55",3.79674189050595,596.8,244.2,0.216948134582121,0.0392735247043941,116,2021
"174","187321069",2021-04-27,"be","Cattle Farm","Female",-2.29657,"rural",198,34.8,"119",5.33622222222222,0.153339719029374,"55",4.26823919855276,609.625,327.375,0.20256125194918,0.0392735247043941,116,2021
"175","187321069",2021-04-27,"lc","Cattle Farm","Female",-2.29657,"rural",198,34.8,"119",5.33622222222222,0.153339719029374,"55",4.34366210299293,642.666666666667,173.666666666667,0.179190970159767,0.0392735247043941,116,2021
"176","187321069",2021-04-27,"rc","Cattle Farm","Female",-2.29657,"rural",198,34.8,"119",5.33622222222222,0.153339719029374,"55",3.79504563266979,631,216.2,0.190839226330551,0.0392735247043941,116,2021
"177","187321069",2021-04-27,"rr","Cattle Farm","Female",-2.29657,"rural",198,34.8,"119",5.33622222222222,0.153339719029374,"55",3.77046094133709,639,191.666666666667,0.140161601260909,0.0392735247043941,116,2021
"178","187321069",2021-04-27,"th","Cattle Farm","Female",-2.29657,"rural",198,34.8,"119",5.33622222222222,0.153339719029374,"55",3.29617027502386,619.714285714286,271.714285714286,0.149462847605286,0.0392735247043941,116,2021
"179","187321066",2021-04-26,"ba","Cattle Farm","Male",-2.29657,"rural",1,35.79,"124",11.5438122222222,0.322542951165751,"55",7.1828584474982,591.6,197.4,0.236696693150574,2.13349858724195,115,2021
"180","187321066",2021-04-26,"be","Cattle Farm","Male",-2.29657,"rural",1,35.79,"124",11.5438122222222,0.322542951165751,"55",1.86129055734588,640,372,0.218896560241468,2.13349858724195,115,2021
"181","187321066",2021-04-26,"lc","Cattle Farm","Male",-2.29657,"rural",1,35.79,"124",11.5438122222222,0.322542951165751,"55",6.62799005863293,629.75,193.75,0.208872597530607,2.13349858724195,115,2021
"182","187321066",2021-04-26,"rc","Cattle Farm","Male",-2.29657,"rural",1,35.79,"124",11.5438122222222,0.322542951165751,"55",7.55101214709658,650,57,0.234299915857696,2.13349858724195,115,2021
"183","187321066",2021-04-26,"rr","Cattle Farm","Male",-2.29657,"rural",1,35.79,"124",11.5438122222222,0.322542951165751,"55",2.9287763820889,622.666666666667,216.666666666667,0.150990244355192,2.13349858724195,115,2021
"184","187321066",2021-04-26,"th","Cattle Farm","Male",-2.29657,"rural",1,35.79,"124",11.5438122222222,0.322542951165751,"55",4.75269785251496,571.5,84.5,0.285629030470746,2.13349858724195,115,2021
"185","187321067",2021-04-26,"ba","Cattle Farm","Female",-2.29657,"rural",203,35.8,"126",11.6829275555556,0.326338758535071,"56",5.76183315493217,582,282.6,0.22296278958561,1.01124750788872,115,2021
"186","187321067",2021-04-26,"be","Cattle Farm","Female",-2.29657,"rural",203,35.8,"126",11.6829275555556,0.326338758535071,"56",3.95063463635628,628.777777777778,257.222222222222,0.166158355326501,1.01124750788872,115,2021
"187","187321067",2021-04-26,"lc","Cattle Farm","Female",-2.29657,"rural",203,35.8,"126",11.6829275555556,0.326338758535071,"56",4.09450315933371,635,134,0.160693159886726,1.01124750788872,115,2021
"188","187321067",2021-04-26,"rc","Cattle Farm","Female",-2.29657,"rural",203,35.8,"126",11.6829275555556,0.326338758535071,"56",7.14644034211695,640.8,186,0.187826543539652,1.01124750788872,115,2021
"189","187321067",2021-04-26,"rr","Cattle Farm","Female",-2.29657,"rural",203,35.8,"126",11.6829275555556,0.326338758535071,"56",4.52368295096961,638,187.666666666667,0.179432009304912,1.01124750788872,115,2021
"190","187321067",2021-04-26,"th","Cattle Farm","Female",-2.29657,"rural",203,35.8,"126",11.6829275555556,0.326338758535071,"56",7.92046810720475,626.75,298.5,0.177414630040621,1.01124750788872,115,2021
"191","187321126",2021-05-02,"ba","Cattle Farm","Male",-2.29657,"rural",200,33.77,"135",6.28741066666667,0.186183318527293,"57",3.09641123384996,584.5,221,0.21662112497768,-1.00193688202187,121,2021
"192","187321126",2021-05-02,"be","Cattle Farm","Male",-2.29657,"rural",200,33.77,"135",6.28741066666667,0.186183318527293,"57",3.57920223625756,594.5,289,0.197431630689174,-1.00193688202187,121,2021
"193","187321126",2021-05-02,"lc","Cattle Farm","Male",-2.29657,"rural",200,33.77,"135",6.28741066666667,0.186183318527293,"57",3.58654313693017,625.125,270.5,0.184561339475977,-1.00193688202187,121,2021
"194","187321126",2021-05-02,"rc","Cattle Farm","Male",-2.29657,"rural",200,33.77,"135",6.28741066666667,0.186183318527293,"57",3.7774291114614,642.6,248.8,0.201007267557354,-1.00193688202187,121,2021
"195","187321126",2021-05-02,"rr","Cattle Farm","Male",-2.29657,"rural",200,33.77,"135",6.28741066666667,0.186183318527293,"57",7.24480744631593,638.75,205.75,0.233808656737753,-1.00193688202187,121,2021
"196","187321126",2021-05-02,"th","Cattle Farm","Male",-2.29657,"rural",200,33.77,"135",6.28741066666667,0.186183318527293,"57",3.55145344815062,634.5,194,0.212519182952876,-1.00193688202187,121,2021
"197","187321100",2021-05-01,"ba","Cattle Farm","Male",-2.29657,"rural",198,34.53,"123",7.46029511111111,0.216052566206519,"57",2.73773001855604,598.5,229,0.165324271143247,-0.230726475295602,120,2021
"198","187321100",2021-05-01,"be","Cattle Farm","Male",-2.29657,"rural",198,34.53,"123",7.46029511111111,0.216052566206519,"57",3.68967100074853,629.4,232.6,0.215917579487236,-0.230726475295602,120,2021
"199","187321100",2021-05-01,"lc","Cattle Farm","Male",-2.29657,"rural",198,34.53,"123",7.46029511111111,0.216052566206519,"57",4.09429124665476,633.666666666667,167.333333333333,0.181406568929352,-0.230726475295602,120,2021
"200","187321100",2021-05-01,"rc","Cattle Farm","Male",-2.29657,"rural",198,34.53,"123",7.46029511111111,0.216052566206519,"57",4.17053519365422,647.5,163.5,0.198463810590192,-0.230726475295602,120,2021
"201","187321100",2021-05-01,"rr","Cattle Farm","Male",-2.29657,"rural",198,34.53,"123",7.46029511111111,0.216052566206519,"57",3.26397309448112,619,286.666666666667,0.123092229639431,-0.230726475295602,120,2021
"202","187321100",2021-05-01,"th","Cattle Farm","Male",-2.29657,"rural",198,34.53,"123",7.46029511111111,0.216052566206519,"57",2.2330364583939,605.25,351,0.192397532310089,-0.230726475295602,120,2021
"203","187321051",2021-05-02,"ba","Cattle Farm","Female",-2.29657,"rural",195,33.97,"123",11.8591394444444,0.349106253884146,"57",4.86380370753409,600.333333333333,165.666666666667,0.212114109743035,-0.7739108652062,121,2021
"204","187321051",2021-05-02,"be","Cattle Farm","Female",-2.29657,"rural",195,33.97,"123",11.8591394444444,0.349106253884146,"57",5.77594617946145,635.5,184.75,0.195468372310286,-0.7739108652062,121,2021
"205","187321051",2021-05-02,"lc","Cattle Farm","Female",-2.29657,"rural",195,33.97,"123",11.8591394444444,0.349106253884146,"57",4.13656428837651,644.2,198.4,0.172604460903225,-0.7739108652062,121,2021
"206","187321051",2021-05-02,"rc","Cattle Farm","Female",-2.29657,"rural",195,33.97,"123",11.8591394444444,0.349106253884146,"57",3.59519590261081,641,247.5,0.206535398830435,-0.7739108652062,121,2021
"207","187321051",2021-05-02,"rr","Cattle Farm","Female",-2.29657,"rural",195,33.97,"123",11.8591394444444,0.349106253884146,"57",4.15439784831701,612.666666666667,301.333333333333,0.15371753697497,-0.7739108652062,121,2021
"208","187321051",2021-05-02,"th","Cattle Farm","Female",-2.29657,"rural",195,33.97,"123",11.8591394444444,0.349106253884146,"57",3.79563042891778,640,254,0.202726207595694,-0.7739108652062,121,2021
"209","187321053",2021-04-30,"ba","Cattle Farm","Female",-2.29657,"rural",188,35.11,"125",10.82851,0.308416690401595,"60",4.78879734992483,627.4,230.8,0.179838110895152,0.405325558335744,119,2021
"210","187321053",2021-04-30,"be","Cattle Farm","Female",-2.29657,"rural",188,35.11,"125",10.82851,0.308416690401595,"60",5.13974141742137,632,308,0.136888648056142,0.405325558335744,119,2021
"211","187321053",2021-04-30,"lc","Cattle Farm","Female",-2.29657,"rural",188,35.11,"125",10.82851,0.308416690401595,"60",4.85524939110712,639,153.5,0.180727264227317,0.405325558335744,119,2021
"212","187321053",2021-04-30,"rc","Cattle Farm","Female",-2.29657,"rural",188,35.11,"125",10.82851,0.308416690401595,"60",5.45188095885643,636,172,0.19951525136687,0.405325558335744,119,2021
"213","187321053",2021-04-30,"th","Cattle Farm","Female",-2.29657,"rural",188,35.11,"125",10.82851,0.308416690401595,"60",4.11835539791176,632.888888888889,239,0.190089570621189,0.405325558335744,119,2021
"214","187321099",2021-05-01,"ba","Cattle Farm","Male",-2.29657,"rural",204,35.06,"128",11.6109874074074,0.331174769178762,"60",6.56502487547891,602.4,130.4,0.241822310958605,0.265642304525591,120,2021
"215","187321099",2021-05-01,"be","Cattle Farm","Male",-2.29657,"rural",204,35.06,"128",11.6109874074074,0.331174769178762,"60",4.08387897010153,626.6,225.4,0.202127148343564,0.265642304525591,120,2021
"216","187321099",2021-05-01,"lc","Cattle Farm","Male",-2.29657,"rural",204,35.06,"128",11.6109874074074,0.331174769178762,"60",3.8340543137295,603,184.166666666667,0.184441365224351,0.265642304525591,120,2021
"217","187321099",2021-05-01,"rc","Cattle Farm","Male",-2.29657,"rural",204,35.06,"128",11.6109874074074,0.331174769178762,"60",4.84189498863113,650.75,119.25,0.226630862371604,0.265642304525591,120,2021
"218","187321099",2021-05-01,"rr","Cattle Farm","Male",-2.29657,"rural",204,35.06,"128",11.6109874074074,0.331174769178762,"60",3.72804864330484,631,284.333333333333,0.166077179332882,0.265642304525591,120,2021
"219","187321099",2021-05-01,"th","Cattle Farm","Male",-2.29657,"rural",204,35.06,"128",11.6109874074074,0.331174769178762,"60",4.64064056432841,608.571428571429,193.285714285714,0.233959148005148,0.265642304525591,120,2021
"220","187321052",2021-05-08,"ba","Cattle Farm","Female",-2.29657,"rural",204,37.62,"129",8.32279703703704,0.221233307736232,"61",5.35915195073717,594.285714285714,180,0.219300953096396,2.82564230452559,127,2021
"221","187321052",2021-05-08,"be","Cattle Farm","Female",-2.29657,"rural",204,37.62,"129",8.32279703703704,0.221233307736232,"61",3.25373557954418,616.75,239.75,0.16918732346736,2.82564230452559,127,2021
"222","187321052",2021-05-08,"lc","Cattle Farm","Female",-2.29657,"rural",204,37.62,"129",8.32279703703704,0.221233307736232,"61",3.21238542152438,632.5,193,0.169794013937009,2.82564230452559,127,2021
"223","187321052",2021-05-08,"th","Cattle Farm","Female",-2.29657,"rural",204,37.62,"129",8.32279703703704,0.221233307736232,"61",3.15328708662365,635.111111111111,195.333333333333,0.206858439982743,2.82564230452559,127,2021
"224","187321143",2021-05-09,"ba","Cattle Farm","Female",-2.29657,"rural",198,36.71,"127",15.6991822222222,0.427654105753806,"64",4.2828865721213,602.5,187.375,0.200367686011502,1.9492735247044,128,2021
"225","187321143",2021-05-09,"be","Cattle Farm","Female",-2.29657,"rural",198,36.71,"127",15.6991822222222,0.427654105753806,"64",4.01858587608317,632.25,228.75,0.175839192229738,1.9492735247044,128,2021
"226","187321143",2021-05-09,"lc","Cattle Farm","Female",-2.29657,"rural",198,36.71,"127",15.6991822222222,0.427654105753806,"64",4.76811046774667,642.333333333333,176.333333333333,0.182111474323771,1.9492735247044,128,2021
"227","187321143",2021-05-09,"rc","Cattle Farm","Female",-2.29657,"rural",198,36.71,"127",15.6991822222222,0.427654105753806,"64",3.33111752735897,639,186.5,0.134172373079884,1.9492735247044,128,2021
"228","187321143",2021-05-09,"rr","Cattle Farm","Female",-2.29657,"rural",198,36.71,"127",15.6991822222222,0.427654105753806,"64",4.2732210035644,627.75,190.5,0.118393346951113,1.9492735247044,128,2021
"229","187321143",2021-05-09,"th","Cattle Farm","Female",-2.29657,"rural",198,36.71,"127",15.6991822222222,0.427654105753806,"64",3.0771635100818,622.25,295.5,0.157639967797766,1.9492735247044,128,2021
"230","187321142",2021-05-09,"ba","Cattle Farm","Female",-2.29657,"rural",198,33.3,"125",9.20201244444445,0.276336710043377,"65",3.6234094516791,629.5,230.75,0.159042984487017,-1.46072647529561,128,2021
"231","187321142",2021-05-09,"be","Cattle Farm","Female",-2.29657,"rural",198,33.3,"125",9.20201244444445,0.276336710043377,"65",6.14359049895235,639.4,253.6,0.189220352974742,-1.46072647529561,128,2021
"232","187321142",2021-05-09,"lc","Cattle Farm","Female",-2.29657,"rural",198,33.3,"125",9.20201244444445,0.276336710043377,"65",2.95069128910866,636.5,189.5,0.153563963674672,-1.46072647529561,128,2021
"233","187321142",2021-05-09,"rc","Cattle Farm","Female",-2.29657,"rural",198,33.3,"125",9.20201244444445,0.276336710043377,"65",2.77103317735517,627.625,219.625,0.152704097699365,-1.46072647529561,128,2021
"234","187321142",2021-05-09,"rr","Cattle Farm","Female",-2.29657,"rural",198,33.3,"125",9.20201244444445,0.276336710043377,"65",4.53008631349087,638.8,166.8,0.172351585679386,-1.46072647529561,128,2021
"235","187321142",2021-05-09,"th","Cattle Farm","Female",-2.29657,"rural",198,33.3,"125",9.20201244444445,0.276336710043377,"65",4.24590037446024,640,163.285714285714,0.193067580216065,-1.46072647529561,128,2021
"236","187321141",2021-05-09,"ba","Cattle Farm","Female",-2.29657,"rural",195,34.5,"125",14.7105457777778,0.426392631239936,"68",3.84184255499791,620,325.166666666667,0.157174405250377,-0.243910865206199,128,2021
"237","187321141",2021-05-09,"be","Cattle Farm","Female",-2.29657,"rural",195,34.5,"125",14.7105457777778,0.426392631239936,"68",4.01246629743705,623.142857142857,236.571428571429,0.194275589303503,-0.243910865206199,128,2021
"238","187321141",2021-05-09,"lc","Cattle Farm","Female",-2.29657,"rural",195,34.5,"125",14.7105457777778,0.426392631239936,"68",4.30033758591506,631.25,166,0.188302796947692,-0.243910865206199,128,2021
"239","187321141",2021-05-09,"rc","Cattle Farm","Female",-2.29657,"rural",195,34.5,"125",14.7105457777778,0.426392631239936,"68",4.72963080895542,640.4,197.8,0.205788771510898,-0.243910865206199,128,2021
"240","187321141",2021-05-09,"rr","Cattle Farm","Female",-2.29657,"rural",195,34.5,"125",14.7105457777778,0.426392631239936,"68",4.27034498072035,641.714285714286,159.285714285714,0.166482387405803,-0.243910865206199,128,2021
"241","187321141",2021-05-09,"th","Cattle Farm","Female",-2.29657,"rural",195,34.5,"125",14.7105457777778,0.426392631239936,"68",3.87723069099445,621.666666666667,304,0.141353134826034,-0.243910865206199,128,2021
"242","187321144",2021-05-13,"ba","Big Shanty","Female",2.17321,"urban",195,34.79,"125",9.42052222222222,0.270782472613459,"73",3.67712809414387,628.833333333333,223.333333333333,0.160508322165605,0.0460891347938005,132,2021
"243","187321144",2021-05-13,"be","Big Shanty","Female",2.17321,"urban",195,34.79,"125",9.42052222222222,0.270782472613459,"73",4.56606974271778,638,244.875,0.177758732032971,0.0460891347938005,132,2021
"244","187321144",2021-05-13,"rc","Big Shanty","Female",2.17321,"urban",195,34.79,"125",9.42052222222222,0.270782472613459,"73",2.89841591017893,636.5,191.5,0.0772884261276295,0.0460891347938005,132,2021
"245","187321144",2021-05-13,"rr","Big Shanty","Female",2.17321,"urban",195,34.79,"125",9.42052222222222,0.270782472613459,"73",2.42634328340245,627,204.333333333333,0.0664998363781398,0.0460891347938005,132,2021
"246","187321144",2021-05-13,"th","Big Shanty","Female",2.17321,"urban",195,34.79,"125",9.42052222222222,0.270782472613459,"73",5.51207343135673,579.6,114.8,0.246672648603502,0.0460891347938005,132,2021
"247","187321145",2021-05-13,"ba","Big Shanty","Female",2.17321,"urban",186,33.54,"125",9.663844,0.288128920691711,"75",6.80683174098338,610.6,141.4,0.228579765428946,-1.15346403493799,132,2021
"248","187321145",2021-05-13,"be","Big Shanty","Female",2.17321,"urban",186,33.54,"125",9.663844,0.288128920691711,"75",3.41165374438975,618.5,298.5,0.196228965395459,-1.15346403493799,132,2021
"249","187321145",2021-05-13,"lc","Big Shanty","Female",2.17321,"urban",186,33.54,"125",9.663844,0.288128920691711,"75",5.51652179406624,645.6,140,0.197636483658018,-1.15346403493799,132,2021
"250","187321145",2021-05-13,"rc","Big Shanty","Female",2.17321,"urban",186,33.54,"125",9.663844,0.288128920691711,"75",6.25031818605008,645,62,0.251060100568607,-1.15346403493799,132,2021
"251","187321145",2021-05-13,"rr","Big Shanty","Female",2.17321,"urban",186,33.54,"125",9.663844,0.288128920691711,"75",6.17909566376752,628,223,0.159497916790398,-1.15346403493799,132,2021
"252","187321145",2021-05-13,"th","Big Shanty","Female",2.17321,"urban",186,33.54,"125",9.663844,0.288128920691711,"75",3.49112701730793,631.75,266.5,0.192353353888994,-1.15346403493799,132,2021
"253","187321146",2021-05-21,"ba","Cattle Farm","Male",-2.29657,"rural",192,35.03,"130",7.41883711111111,0.211785244393694,"76",7.5682062142829,588.75,203.25,0.221133099405285,0.302904744883207,140,2021
"254","187321146",2021-05-21,"be","Cattle Farm","Male",-2.29657,"rural",192,35.03,"130",7.41883711111111,0.211785244393694,"76",4.35588805101398,566.2,338.8,0.220371983326145,0.302904744883207,140,2021
"255","187321146",2021-05-21,"lc","Cattle Farm","Male",-2.29657,"rural",192,35.03,"130",7.41883711111111,0.211785244393694,"76",6.69195574720659,609.666666666667,169.333333333333,0.224332868149242,0.302904744883207,140,2021
"256","187321146",2021-05-21,"rc","Cattle Farm","Male",-2.29657,"rural",192,35.03,"130",7.41883711111111,0.211785244393694,"76",3.92701822053559,646.666666666667,210,0.214757405650134,0.302904744883207,140,2021
"257","187321146",2021-05-21,"rr","Cattle Farm","Male",-2.29657,"rural",192,35.03,"130",7.41883711111111,0.211785244393694,"76",2.91092925829219,632.333333333333,179.666666666667,0.0981963146035029,0.302904744883207,140,2021
"258","187321146",2021-05-21,"th","Cattle Farm","Male",-2.29657,"rural",192,35.03,"130",7.41883711111111,0.211785244393694,"76",3.2673412467957,642.2,168,0.234782573470911,0.302904744883207,140,2021
"259","187321061",2021-05-21,"ba","Cattle Farm","Female",-2.29657,"rural",192,36.34,"123",11.9803444444444,0.32967376016633,"76",4.66272993009242,608.714285714286,166.285714285714,0.194439857119823,1.61290474488321,140,2021
"260","187321061",2021-05-21,"be","Cattle Farm","Female",-2.29657,"rural",192,36.34,"123",11.9803444444444,0.32967376016633,"76",4.09520258642539,655.25,157,0.189336990062552,1.61290474488321,140,2021
"261","187321061",2021-05-21,"lc","Cattle Farm","Female",-2.29657,"rural",192,36.34,"123",11.9803444444444,0.32967376016633,"76",4.82896272216609,624.5,193.5,0.203232675668565,1.61290474488321,140,2021
"262","187321061",2021-05-21,"rc","Cattle Farm","Female",-2.29657,"rural",192,36.34,"123",11.9803444444444,0.32967376016633,"76",4.07550681408281,637,265.5,0.207558575899381,1.61290474488321,140,2021
"263","187321061",2021-05-21,"rr","Cattle Farm","Female",-2.29657,"rural",192,36.34,"123",11.9803444444444,0.32967376016633,"76",4.49920883060139,640,208,0.149798683268114,1.61290474488321,140,2021
"264","187321061",2021-05-21,"th","Cattle Farm","Female",-2.29657,"rural",192,36.34,"123",11.9803444444444,0.32967376016633,"76",3.66048109414453,620.625,222.875,0.191948123624455,1.61290474488321,140,2021
"265","187321137",2021-05-26,"ba","Cattle Farm","Female",-2.29657,"rural",190,34.74,"125",28.9430565925926,0.833133465532314,"79",4.50342519832786,599,178,0.169194496613493,0.0241151516094772,145,2021
"266","187321137",2021-05-26,"be","Cattle Farm","Female",-2.29657,"rural",190,34.74,"125",28.9430565925926,0.833133465532314,"79",2.78325401911094,634,219.6,0.147505731658166,0.0241151516094772,145,2021
"267","187321137",2021-05-26,"lc","Cattle Farm","Female",-2.29657,"rural",190,34.74,"125",28.9430565925926,0.833133465532314,"79",4.14084248820741,635.666666666667,161,0.177873641705,0.0241151516094772,145,2021
"268","187321137",2021-05-26,"rc","Cattle Farm","Female",-2.29657,"rural",190,34.74,"125",28.9430565925926,0.833133465532314,"79",4.32913055012055,533.666666666667,279.333333333333,0.223924298511885,0.0241151516094772,145,2021
"269","187321137",2021-05-26,"rr","Cattle Farm","Female",-2.29657,"rural",190,34.74,"125",28.9430565925926,0.833133465532314,"79",3.44571984820185,635,280.333333333333,0.172737665676148,0.0241151516094772,145,2021
"270","187321137",2021-05-26,"th","Cattle Farm","Female",-2.29657,"rural",190,34.74,"125",28.9430565925926,0.833133465532314,"79",2.55580292486747,622,268,0.185957319245213,0.0241151516094772,145,2021
"271","187321054",2021-05-26,"ba","Cattle Farm","Female",-2.29657,"rural",195,35.17,"120",6.80822088888889,0.193580349413958,"80",3.61789605253931,639,241.888888888889,0.139091025570928,0.426089134793803,145,2021
"272","187321054",2021-05-26,"be","Cattle Farm","Female",-2.29657,"rural",195,35.17,"120",6.80822088888889,0.193580349413958,"80",3.32383721078743,629.285714285714,239.428571428571,0.135695509788779,0.426089134793803,145,2021
"273","187321054",2021-05-26,"th","Cattle Farm","Female",-2.29657,"rural",195,35.17,"120",6.80822088888889,0.193580349413958,"80",2.65888281051159,618,327.25,0.181858549912244,0.426089134793803,145,2021
"274","187321136",2021-05-28,"ba","Cattle Farm","Male",-2.29657,"rural",204,35.5,"127",11.2529511111111,0.316984538341158,"80",7.54109645732664,618.833333333333,147.666666666667,0.232444625924068,0.705642304525588,147,2021
"275","187321136",2021-05-28,"be","Cattle Farm","Male",-2.29657,"rural",204,35.5,"127",11.2529511111111,0.316984538341158,"80",5.46553907309716,629.571428571429,341.857142857143,0.208425486613621,0.705642304525588,147,2021
"276","187321136",2021-05-28,"lc","Cattle Farm","Male",-2.29657,"rural",204,35.5,"127",11.2529511111111,0.316984538341158,"80",4.84689387409107,644.2,182.2,0.189472306992103,0.705642304525588,147,2021
"277","187321136",2021-05-28,"rc","Cattle Farm","Male",-2.29657,"rural",204,35.5,"127",11.2529511111111,0.316984538341158,"80",4.99889897631611,646.666666666667,128.5,0.186527453940293,0.705642304525588,147,2021
"278","187321136",2021-05-28,"rr","Cattle Farm","Male",-2.29657,"rural",204,35.5,"127",11.2529511111111,0.316984538341158,"80",4.65378772052036,633.6,190.4,0.157338156342662,0.705642304525588,147,2021
"279","187321136",2021-05-28,"th","Cattle Farm","Male",-2.29657,"rural",204,35.5,"127",11.2529511111111,0.316984538341158,"80",4.90873425258631,624,165.555555555556,0.224880796373929,0.705642304525588,147,2021
"280","187321065",2021-06-01,"ba","Cattle Farm","Male",-2.29657,"rural",188,33.54,"122",13.347664,0.397962552176506,"84",4.48814783490721,619,268.666666666667,0.191309180852138,-1.16467444166426,151,2021
"281","187321065",2021-06-01,"be","Cattle Farm","Male",-2.29657,"rural",188,33.54,"122",13.347664,0.397962552176506,"84",4.57887841945122,611.181818181818,293.727272727273,0.198040069174561,-1.16467444166426,151,2021
"282","187321065",2021-06-01,"th","Cattle Farm","Male",-2.29657,"rural",188,33.54,"122",13.347664,0.397962552176506,"84",5.60604711002961,619.125,178.625,0.231714420232058,-1.16467444166426,151,2021
"283","187321067",2021-06-01,"ba","Cattle Farm","Female",-2.29657,"rural",195,36.56,"124",18.1089854814815,0.495322359996758,"84",5.16350772275824,604.333333333333,172.5,0.185824765803902,1.8160891347938,151,2021
"284","187321067",2021-06-01,"be","Cattle Farm","Female",-2.29657,"rural",195,36.56,"124",18.1089854814815,0.495322359996758,"84",3.9665231198472,641.333333333333,203,0.177365880870899,1.8160891347938,151,2021
"285","187321067",2021-06-01,"lc","Cattle Farm","Female",-2.29657,"rural",195,36.56,"124",18.1089854814815,0.495322359996758,"84",4.15329507172591,633.666666666667,162.333333333333,0.132715511990024,1.8160891347938,151,2021
"286","187321067",2021-06-01,"rr","Cattle Farm","Female",-2.29657,"rural",195,36.56,"124",18.1089854814815,0.495322359996758,"84",3.27670415897181,624.333333333333,260.666666666667,0.133956805856304,1.8160891347938,151,2021
"287","187321067",2021-06-01,"th","Cattle Farm","Female",-2.29657,"rural",195,36.56,"124",18.1089854814815,0.495322359996758,"84",4.0912193554635,640.125,172.75,0.214324342697291,1.8160891347938,151,2021
"288","187321011",2021-06-02,"ba","Cattle Farm","Female",-2.29657,"rural",175,33.45,"119",18.1705968888889,0.543216648397276,"85",3.17591693290034,619.111111111111,192,0.160033946248125,-1.1818067979435,152,2021
"289","187321011",2021-06-02,"be","Cattle Farm","Female",-2.29657,"rural",175,33.45,"119",18.1705968888889,0.543216648397276,"85",6.03310448403869,621,308,0.130669861140313,-1.1818067979435,152,2021
"290","187321011",2021-06-02,"rc","Cattle Farm","Female",-2.29657,"rural",175,33.45,"119",18.1705968888889,0.543216648397276,"85",2.6532287625452,628.666666666667,247.333333333333,0.125148721514883,-1.1818067979435,152,2021
"291","187321011",2021-06-02,"rr","Cattle Farm","Female",-2.29657,"rural",175,33.45,"119",18.1705968888889,0.543216648397276,"85",5.32858515674199,632.5,294.5,0.112998447136669,-1.1818067979435,152,2021
"292","187321011",2021-06-02,"th","Cattle Farm","Female",-2.29657,"rural",175,33.45,"119",18.1705968888889,0.543216648397276,"85",2.72291788777954,600.714285714286,209.285714285714,0.186072984382467,-1.1818067979435,152,2021
"293","187321055",2021-06-02,"ba","Cattle Farm","Female",-2.29657,"rural",188,34.78,"125",9.63233333333333,0.276950354609929,"86",3.85886232637879,634.5,173.75,0.175032618500453,0.0753255583357459,152,2021
"294","187321055",2021-06-02,"be","Cattle Farm","Female",-2.29657,"rural",188,34.78,"125",9.63233333333333,0.276950354609929,"86",2.14690170952742,632.2,231.8,0.118239270388983,0.0753255583357459,152,2021
"295","187321055",2021-06-02,"th","Cattle Farm","Female",-2.29657,"rural",188,34.78,"125",9.63233333333333,0.276950354609929,"86",3.91442288617223,631.111111111111,168.333333333333,0.208955573098296,0.0753255583357459,152,2021
"296","187321155",2021-06-02,"ba","Cattle Farm","Male",-2.29657,"rural",205,37.73,"130",15.9015413333333,0.421456171039844,"86",6.09290669550919,602.5,175,0.210485981246269,2.93003710116245,152,2021
"297","187321155",2021-06-02,"be","Cattle Farm","Male",-2.29657,"rural",205,37.73,"130",15.9015413333333,0.421456171039844,"86",3.81809950605926,630.222222222222,253.666666666667,0.161370959876238,2.93003710116245,152,2021
"298","187321155",2021-06-02,"lc","Cattle Farm","Male",-2.29657,"rural",205,37.73,"130",15.9015413333333,0.421456171039844,"86",6.08501510368712,633,176.333333333333,0.210924772268208,2.93003710116245,152,2021
"299","187321155",2021-06-02,"rc","Cattle Farm","Male",-2.29657,"rural",205,37.73,"130",15.9015413333333,0.421456171039844,"86",5.21466906868464,633.666666666667,207.333333333333,0.204250770910595,2.93003710116245,152,2021
"300","187321155",2021-06-02,"rr","Cattle Farm","Male",-2.29657,"rural",205,37.73,"130",15.9015413333333,0.421456171039844,"86",3.11912895607014,625.333333333333,223.666666666667,0.110603723360006,2.93003710116245,152,2021
"301","187321155",2021-06-02,"th","Cattle Farm","Male",-2.29657,"rural",205,37.73,"130",15.9015413333333,0.421456171039844,"86",2.87753925959391,609,271.833333333333,0.1833121237595,2.93003710116245,152,2021
"302","187321059",2021-06-02,"ba","Cattle Farm","Female",-2.29657,"rural",192,33.62,"126",16.3068,0.485032718619869,"88",3.07450968964116,602,214.111111111111,0.155881513509741,-1.1070952551168,152,2021
"303","187321059",2021-06-02,"be","Cattle Farm","Female",-2.29657,"rural",192,33.62,"126",16.3068,0.485032718619869,"88",2.81899638009261,642.166666666667,234.5,0.142296007642722,-1.1070952551168,152,2021
"304","187321059",2021-06-02,"th","Cattle Farm","Female",-2.29657,"rural",192,33.62,"126",16.3068,0.485032718619869,"88",2.80318499737791,624.142857142857,194.285714285714,0.144174056753186,-1.1070952551168,152,2021
"305","187321161",2021-06-17,"be","Cattle Farm","Male",-2.29657,"rural",207,35.45,"125",9.87070444444444,0.278440181789688,"92",2.9277390710326,601.307692307692,265.384615384615,0.177620734431097,0.638826694436187,167,2021
"306","187321161",2021-06-17,"lc","Cattle Farm","Male",-2.29657,"rural",207,35.45,"125",9.87070444444444,0.278440181789688,"92",6.23852308196233,638,151.333333333333,0.194765264712698,0.638826694436187,167,2021
"307","187321161",2021-06-17,"rc","Cattle Farm","Male",-2.29657,"rural",207,35.45,"125",9.87070444444444,0.278440181789688,"92",4.50934213662124,634.625,171,0.203836984286227,0.638826694436187,167,2021
"308","187321161",2021-06-17,"rr","Cattle Farm","Male",-2.29657,"rural",207,35.45,"125",9.87070444444444,0.278440181789688,"92",4.54105024205422,641.5,193,0.113468953239631,0.638826694436187,167,2021
"309","187321161",2021-06-17,"th","Cattle Farm","Male",-2.29657,"rural",207,35.45,"125",9.87070444444444,0.278440181789688,"92",4.62734361467091,575.333333333333,219.333333333333,0.250213757227757,0.638826694436187,167,2021
"310","187321068",2021-06-16,"ba","Cattle Farm","Female",-2.29657,"rural",177,34.35,"120",10.221616,0.297572518195051,"92",4.80982075481846,606.111111111111,163,0.203151316598295,-0.293017204669771,166,2021
"311","187321068",2021-06-16,"be","Cattle Farm","Female",-2.29657,"rural",177,34.35,"120",10.221616,0.297572518195051,"92",4.62388256466332,625,276.8,0.179756965519229,-0.293017204669771,166,2021
"312","187321068",2021-06-16,"th","Cattle Farm","Female",-2.29657,"rural",177,34.35,"120",10.221616,0.297572518195051,"92",3.13226525526713,628.5,208,0.178416955020459,-0.293017204669771,166,2021
"313","187321166",2022-04-22,"ba","Field Station","Male",2.13746,"urban",209,33.84,"129",11.212656,0.331343262411347,"94",6.5414365232743,632.5,119.5,0.24524583526924,-0.982383712290082,111,2022
"314","187321166",2022-04-22,"be","Field Station","Male",2.13746,"urban",209,33.84,"129",11.212656,0.331343262411347,"94",4.45773031033169,598.666666666667,345.333333333333,0.189092948585614,-0.982383712290082,111,2022
"315","187321166",2022-04-22,"lc","Field Station","Male",2.13746,"urban",209,33.84,"129",11.212656,0.331343262411347,"94",6.30300395430841,634,188,0.19477067641289,-0.982383712290082,111,2022
"316","187321166",2022-04-22,"rc","Field Station","Male",2.13746,"urban",209,33.84,"129",11.212656,0.331343262411347,"94",5.25751617684374,622,186,0.225770431619912,-0.982383712290082,111,2022
"317","187321166",2022-04-22,"rr","Field Station","Male",2.13746,"urban",209,33.84,"129",11.212656,0.331343262411347,"94",3.71097189278571,624.75,273.5,0.18091719408073,-0.982383712290082,111,2022
"318","187321167",2022-04-22,"ba","Field Station","Female",2.13746,"urban",183,32.21,"120",18.8121751111111,0.584047659457036,"94",4.90826288749905,602.285714285714,155,0.201661517338422,-2.46664842484858,111,2022
"319","187321167",2022-04-22,"be","Field Station","Female",2.13746,"urban",183,32.21,"120",18.8121751111111,0.584047659457036,"94",4.12362261283373,619,321,0.163431546105708,-2.46664842484858,111,2022
"320","187321167",2022-04-22,"lc","Field Station","Female",2.13746,"urban",183,32.21,"120",18.8121751111111,0.584047659457036,"94",1.25615632030169,672,207,0.173595115314911,-2.46664842484858,111,2022
"321","187321167",2022-04-22,"rc","Field Station","Female",2.13746,"urban",183,32.21,"120",18.8121751111111,0.584047659457036,"94",3.2443469427136,650,192,0.207386976272525,-2.46664842484858,111,2022
"322","187321167",2022-04-22,"rr","Field Station","Female",2.13746,"urban",183,32.21,"120",18.8121751111111,0.584047659457036,"94",5.40524442930424,640,158.333333333333,0.166758631044119,-2.46664842484858,111,2022
"323","187321167",2022-04-22,"th","Field Station","Female",2.13746,"urban",183,32.21,"120",18.8121751111111,0.584047659457036,"94",4.4894443693313,637,169.333333333333,0.228936398321402,-2.46664842484858,111,2022
"324","187321179",2022-04-28,"ba","Sam Smith","Female",-2.0141,"rural",179,33.56,"122",10.308064,0.307153277711561,"96",4.29169600197863,621.285714285714,207.571428571429,0.156513189035242,-1.09422761139604,117,2022
"325","187321179",2022-04-28,"be","Sam Smith","Female",-2.0141,"rural",179,33.56,"122",10.308064,0.307153277711561,"96",4.04606838508313,614.25,265.25,0.18784469312446,-1.09422761139604,117,2022
"326","187321179",2022-04-28,"lc","Sam Smith","Female",-2.0141,"rural",179,33.56,"122",10.308064,0.307153277711561,"96",6.52210069205985,639.875,187,0.177639291384232,-1.09422761139604,117,2022
"327","187321179",2022-04-28,"rc","Sam Smith","Female",-2.0141,"rural",179,33.56,"122",10.308064,0.307153277711561,"96",6.75047220047097,638.6,179.6,0.23180106591742,-1.09422761139604,117,2022
"328","187321179",2022-04-28,"th","Sam Smith","Female",-2.0141,"rural",179,33.56,"122",10.308064,0.307153277711561,"96",1.84228538055496,586.166666666667,216.5,0.174347327074819,-1.09422761139604,117,2022
"329","187321178",2022-04-28,"ba","Sam Smith","Male",-2.0141,"rural",183,34.92,"126",12.1395304074074,0.347638327818082,"96",6.98197296635646,622.428571428571,197.428571428571,0.235317772309823,0.24335157515142,117,2022
"330","187321178",2022-04-28,"be","Sam Smith","Male",-2.0141,"rural",183,34.92,"126",12.1395304074074,0.347638327818082,"96",3.97492816997761,628,232,0.196759703866252,0.24335157515142,117,2022
"331","187321178",2022-04-28,"rc","Sam Smith","Male",-2.0141,"rural",183,34.92,"126",12.1395304074074,0.347638327818082,"96",4.06544610331461,624.5,187,0.199696924086096,0.24335157515142,117,2022
"332","187321178",2022-04-28,"rr","Sam Smith","Male",-2.0141,"rural",183,34.92,"126",12.1395304074074,0.347638327818082,"96",4.38432878713282,633.5,204.25,0.159701679761664,0.24335157515142,117,2022
"333","187321178",2022-04-28,"th","Sam Smith","Male",-2.0141,"rural",183,34.92,"126",12.1395304074074,0.347638327818082,"96",5.75334202662526,634.777777777778,109,0.253391188216203,0.24335157515142,117,2022
"334","187321174",2022-04-27,"ba","Sam Smith","Male",-2.0141,"rural",203,34.51,"138",11.4358382222222,0.331377520203484,"97",3.88334017934032,602.8,248.6,0.224470514431019,-0.278752492111279,116,2022
"335","187321174",2022-04-27,"be","Sam Smith","Male",-2.0141,"rural",203,34.51,"138",11.4358382222222,0.331377520203484,"97",3.77922304819272,612.25,213.5,0.21437250824106,-0.278752492111279,116,2022
"336","187321174",2022-04-27,"lc","Sam Smith","Male",-2.0141,"rural",203,34.51,"138",11.4358382222222,0.331377520203484,"97",3.99396073795632,625.857142857143,216.285714285714,0.16272976015413,-0.278752492111279,116,2022
"337","187321174",2022-04-27,"rc","Sam Smith","Male",-2.0141,"rural",203,34.51,"138",11.4358382222222,0.331377520203484,"97",4.21534754152964,622.5,197.833333333333,0.194790730243492,-0.278752492111279,116,2022
"338","187321174",2022-04-27,"rr","Sam Smith","Male",-2.0141,"rural",203,34.51,"138",11.4358382222222,0.331377520203484,"97",4.12827905112644,639.8,209.8,0.17317433169755,-0.278752492111279,116,2022
"339","187321174",2022-04-27,"th","Sam Smith","Male",-2.0141,"rural",203,34.51,"138",11.4358382222222,0.331377520203484,"97",3.91417669782162,585.75,136.75,0.234300450001935,-0.278752492111279,116,2022
"340","187321172",2022-04-27,"ba","Sam Smith","Female",-2.0141,"rural",200,33.85,"129",5.98254222222222,0.176736845560479,"98",5.43239803147453,638.75,266.25,0.18466054695541,-0.921936882021871,116,2022
"341","187321172",2022-04-27,"be","Sam Smith","Female",-2.0141,"rural",200,33.85,"129",5.98254222222222,0.176736845560479,"98",4.33709518433539,626.111111111111,264.555555555556,0.153916334326738,-0.921936882021871,116,2022
"342","187321172",2022-04-27,"lc","Sam Smith","Female",-2.0141,"rural",200,33.85,"129",5.98254222222222,0.176736845560479,"98",8.91563413033843,636.666666666667,174,0.205692755881361,-0.921936882021871,116,2022
"343","187321172",2022-04-27,"rc","Sam Smith","Female",-2.0141,"rural",200,33.85,"129",5.98254222222222,0.176736845560479,"98",8.95409635339166,637.6,184.6,0.212202986804777,-0.921936882021871,116,2022
"344","187321172",2022-04-27,"rr","Sam Smith","Female",-2.0141,"rural",200,33.85,"129",5.98254222222222,0.176736845560479,"98",4.02762456218418,629.4,233.4,0.144106453183619,-0.921936882021871,116,2022
"345","187321172",2022-04-27,"th","Sam Smith","Female",-2.0141,"rural",200,33.85,"129",5.98254222222222,0.176736845560479,"98",3.33746465095801,631.333333333333,251.5,0.172121719736759,-0.921936882021871,116,2022
"346","187321171",2022-04-27,"ba","Sam Smith","Male",-2.0141,"rural",200,37.96,"125",8.80980359259259,0.232081232681575,"98",3.2995605413998,586.142857142857,205.142857142857,0.219952672026632,3.18806311797813,116,2022
"347","187321171",2022-04-27,"lc","Sam Smith","Male",-2.0141,"rural",200,37.96,"125",8.80980359259259,0.232081232681575,"98",7.31319025606115,632.5,162,0.204329501275237,3.18806311797813,116,2022
"348","187321171",2022-04-27,"rr","Sam Smith","Male",-2.0141,"rural",200,37.96,"125",8.80980359259259,0.232081232681575,"98",6.25203951530125,640.375,210.5,0.193609483679346,3.18806311797813,116,2022
"349","187321171",2022-04-27,"th","Sam Smith","Male",-2.0141,"rural",200,37.96,"125",8.80980359259259,0.232081232681575,"98",8.05370341850193,619.666666666667,121.333333333333,0.266883565503829,3.18806311797813,116,2022
